Timestamp;yaw_angvel_10;pix_x_v_filter_10;tar_v_ronghe;tar_v_ronghe_filter;armor_sign
17000;0;0;0;0;0
45000;1;0;1;0;0
73000;1;0;1;0;0
101000;1;0;1;0;0
129000;-1;0;-1;0;0
158000;2;0;2;0;0
186000;-1;0;-1;0;0
214000;1;0;1;0;0
242000;0;0;0;0;0
270000;0;0;0;0;0
297000;0;0;0;0;0
325000;0;0;0;0;0
353000;0;0;0;0;0
381000;0;0;0;0;0
409000;0;0;0;0;0
437000;0;0;0;0;0
465000;0;0;-1;-1;0
493000;1;0;1;0;0
521000;-4;0;-4;-1;0
550000;-1;0;-1;-1;0
578000;1;0;1;0;0
606000;-1;0;-1;0;0
634000;1;0;1;0;0
662000;-3;0;-3;-1;0
690000;-1;0;-1;0;0
718000;0;0;0;0;0
746000;0;0;0;0;0
774000;0;0;0;0;0
802000;0;0;0;0;0
831000;1;0;1;0;0
859000;0;0;0;0;0
887000;-2;0;-2;0;0
915000;0;0;0;0;0
943000;0;0;0;0;0
970000;-1;0;-1;0;0
998000;0;0;0;0;0
1026000;0;0;0;0;0
1054000;-1;0;-1;0;0
1082000;1;0;1;0;0
1110000;0;0;0;0;0
1138000;0;0;0;0;0
1165000;-1;0;0;0;0
1193000;0;0;0;0;0
1221000;0;0;0;0;0
1248000;-1;0;-1;0;0
1276000;0;0;0;0;0
1304000;0;0;0;0;0
1332000;0;0;0;0;0
1360000;-2;0;-2;-1;0
1388000;-1;0;-1;-1;0
1416000;0;0;0;0;0
1443000;0;0;0;0;0
1471000;0;0;0;0;0
1499000;-1;0;-1;0;0
1527000;1;0;1;0;0
1555000;1;0;1;0;0
1583000;0;0;0;0;0
1611000;-1;0;-1;0;0
1639000;0;0;0;0;0
1667000;0;0;0;0;0
1695000;0;0;0;0;0
1723000;0;0;0;0;0
1751000;0;0;0;0;0
1779000;-1;0;-1;0;0
1807000;0;0;0;0;0
1834000;-1;0;-1;-1;0
1863000;-1;0;-1;-1;0
1891000;0;0;0;0;0
1918000;0;0;0;0;0
1946000;1;0;1;0;0
1974000;0;0;0;0;0
2002000;1;0;1;0;0
2030000;-3;0;-3;-1;0
2058000;-1;0;-1;0;0
2086000;0;0;0;0;0
2114000;0;0;0;0;0
2141000;-1;0;-1;0;0
2169000;-1;0;-1;0;0
2197000;-2;0;-2;-1;0
2225000;-1;0;-1;-1;0
2253000;0;0;0;0;0
2281000;-2;0;-2;0;0
2308000;0;0;0;0;0
2336000;0;0;0;0;0
2364000;1;0;1;1;0
2392000;-1;0;-1;0;0
2421000;0;0;0;0;0
2449000;0;0;0;0;0
2477000;1;0;1;0;0
2505000;1;0;1;0;0
2533000;0;0;0;0;0
2562000;0;0;1;0;0
2590000;3;0;3;1;0
2618000;0;0;0;0;0
2646000;0;0;0;0;0
2675000;1;0;1;1;0
2702000;-2;0;-2;-1;0
2730000;0;0;-1;-1;0
2758000;-2;0;-2;-1;0
2786000;-4;0;3;0;0
2814000;0;0;-1;0;0
2843000;0;0;0;-2;0
2872000;0;0;0;-1;0
2900000;-1;0;-1;-1;0
2928000;7;0;7;2;0
2956000;44;0;44;23;0
2984000;50;0;50;43;0
3013000;48;0;48;45;0
3041000;34;0;34;40;0
3068000;21;0;21;30;0
3096000;3;0;3;16;0
3124000;-7;0;-7;2;0
3152000;-4;0;-4;0;0
3180000;1;0;1;-1;0
3208000;6;0;6;3;0
3236000;23;0;23;12;0
3263000;10;0;33;20;0
3291000;33;0;33;25;0
3319000;65;0;65;47;0
3348000;64;0;64;60;0
3376000;22;0;22;44;0
3404000;-96;0;-96;-29;0
3432000;-158;0;-158;-103;0
3461000;-138;0;-138;-134;0
3490000;-71;0;-71;-38;1
3517000;62;-25;34;21;1
3545000;100;-105;-24;-7;1
3573000;77;-97;-46;-32;1
3601000;64;-70;-15;-22;1
3629000;-9;-34;-48;-40;1
3657000;23;-4;18;1;1
3686000;87;-19;66;38;1
3715000;144;-51;86;68;1
3743000;172;-128;25;41;1
3771000;141;-100;26;18;1
3800000;88;-137;-68;-36;1
3828000;6;-68;-71;-64;1
3856000;-13;-14;-29;-44;1
3884000;11;3;14;2;1
3912000;36;-14;20;9;1
3940000;93;-31;57;40;1
3968000;171;-82;77;60;1
3996000;191;-136;35;63;1
4024000;167;-158;-7;0;1
4053000;123;-130;-25;-28;1
4082000;88;-109;-36;-26;1
4110000;59;-69;-19;-15;1
4137000;18;-49;-37;-30;1
4165000;10;-26;-19;-18;1
4193000;8;-7;0;-9;1
4221000;22;-1;21;11;1
4250000;29;-15;12;11;1
4278000;13;-39;-31;-7;1
4306000;-18;-5;-24;-21;1
4334000;-26;14;-10;-17;1
4362000;-52;20;-29;-23;1
4390000;-19;33;18;2;1
4418000;17;17;37;32;1
4446000;12;-3;8;15;1
4474000;11;-3;7;7;1
4503000;-7;0;-7;0;1
4531000;11;0;11;5;1
4558000;18;0;18;11;1
4585000;53;0;53;34;1
4614000;53;-30;2;20;1
4643000;69;-42;21;22;1
4671000;75;-59;7;20;1
4699000;69;-47;15;6;1
4727000;44;-48;-22;-7;1
4755000;17;-23;-8;-11;1
4782000;11;-15;-5;-7;1
4811000;12;-9;8;-1;1
4838000;3;-27;-27;-15;1
4866000;64;-5;59;32;1
4895000;116;-81;22;34;1
4923000;148;-114;17;18;1
4951000;187;-135;40;26;1
4978000;209;-144;43;39;1
5006000;231;-193;9;38;1
5034000;222;-195;-1;-23;1
5062000;194;-206;-42;-25;1
5090000;189;-175;-11;-18;1
5118000;186;-172;-10;-17;1
5146000;185;-185;-27;-19;1
5174000;185;-129;36;18;1
5202000;186;-120;48;28;1
5229000;197;-156;17;7;1
5257000;202;-157;-32;-9;1
5285000;206;-166;16;12;1
5313000;233;-217;-15;3;1
5341000;255;-230;-8;4;1
5369000;239;-237;-33;-13;1
5398000;210;-141;47;11;1
5427000;163;-253;-127;-57;1
5455000;26;-93;-80;-78;1
5483000;-45;-33;-83;-86;1
5511000;-146;47;-92;-87;1
5539000;-189;172;-6;-39;1
5567000;-217;178;-13;-29;1
5595000;-214;177;-9;-16;1
5622000;-200;173;-1;-16;1
5650000;-170;162;16;20;1
5677000;-147;136;8;18;1
5704000;-123;162;63;32;1
5732000;-120;89;-18;-9;1
5760000;-120;100;-5;-3;1
5788000;-128;103;-10;-8;1
5816000;-134;99;-20;-18;1
5844000;-134;80;-42;-23;1
5872000;-124;93;-17;-8;1
5900000;-111;85;-13;-4;1
5928000;-106;119;30;14;1
5956000;-99;83;-3;6;1
5984000;-111;95;-2;-8;1
6013000;-132;66;-56;-33;1
6041000;-164;162;-17;-15;1
6069000;-207;194;15;-16;1
6096000;-224;250;62;7;1
6125000;-223;176;-21;0;1
6153000;-235;191;-15;-6;1
6181000;-247;203;-14;-5;1
6209000;-255;208;-16;-2;1
6238000;-270;199;-42;-11;1
6266000;-287;276;29;0;1
6294000;-275;231;-9;-6;1
6322000;-265;221;-11;4;1
6350000;-266;188;-50;23;1
6378000;-266;181;-58;-22;1
6406000;-266;207;-27;-15;1
6434000;-273;205;-38;-27;1
6461000;-259;220;-6;-15;1
6489000;-225;230;39;41;1
6517000;-173;199;55;39;1
6545000;-128;154;48;40;1
6572000;-42;90;61;53;1
6600000;18;31;54;60;1
6628000;62;-8;53;53;1
6656000;109;-91;18;45;1
6684000;179;-80;87;63;1
6712000;235;-187;20;27;1
6741000;247;-201;16;34;1
6769000;230;-205;-17;-11;1
6796000;191;-180;-15;-20;1
6824000;174;-147;4;-10;1
6852000;153;-156;-24;-19;1
6881000;151;-162;-34;-35;1
6910000;155;-145;-11;-14;1
6938000;164;-163;-22;-9;1
6965000;184;-129;36;19;1
6993000;194;-162;7;11;1
7021000;188;-136;32;18;1
7050000;171;-217;-77;-33;1
7079000;156;-162;-29;-16;1
7107000;153;-99;40;3;1
7135000;142;-139;-16;-3;1
7162000;144;-152;-30;-8;1
7189000;147;-114;16;4;1
7217000;157;-129;9;7;1
7245000;171;-142;8;16;1
7273000;173;-166;-17;-8;1
7300000;173;-143;8;3;1
7327000;169;-165;16;2;1
7355000;168;-168;-24;-4;1
7383000;177;-177;-26;-1;1
7411000;188;-147;19;12;1
7438000;210;-153;34;30;1
7465000;252;-218;2;6;1
7492000;268;-237;-3;6;1
7520000;275;-230;10;8;1
7548000;263;-254;-28;-4;1
7577000;242;-268;-70;-36;1
7605000;225;-230;-38;-27;1
7633000;180;-194;-42;-26;1
7661000;125;-181;-82;-59;1
7689000;10;-102;-106;-88;1
7718000;-175;9;-212;-167;1
7746000;-463;199;-221;-194;1
7774000;-672;341;-57;-99;1
7803000;-748;406;16;-22;1
7832000;-667;387;-4;0;1
7860000;-477;413;24;-19;1
7888000;-272;278;46;34;1
7916000;-130;204;104;90;1
7944000;-54;118;80;84;1
7972000;-31;35;8;34;1
8001000;-55;16;-37;-12;1
8029000;-95;51;-37;-23;1
8057000;-150;74;-64;-56;1
8085000;-168;166;-5;-10;1
8113000;-171;142;-8;-16;1
8142000;-148;165;41;12;1
8170000;-134;127;35;20;1
8198000;-140;109;-15;1;1
8225000;-164;151;9;0;1
8253000;-200;123;-59;-33;1
8281000;-235;148;-65;-40;1
8309000;-248;168;-55;-38;1
8338000;-245;224;11;12;1
8366000;-228;178;-24;5;1
8395000;-200;180;6;23;1
8423000;-160;180;46;28;1
8451000;-144;122;-4;25;1
8479000;-148;148;21;25;1
8508000;-201;161;-16;-13;1
8536000;-248;135;-93;-56;1
8564000;-347;245;-66;-77;1
8592000;-381;247;-36;-64;1
8621000;-371;305;-20;-23;1
8649000;-273;289;58;36;1
8677000;-178;245;103;83;1
8705000;35;121;174;146;1
8734000;191;-43;142;138;1
8762000;286;-192;66;93;1
8790000;349;-269;40;60;1
8818000;352;-319;-14;12;1
8847000;311;-240;35;27;1
8876000;264;-263;-38;-5;1
8904000;217;-217;-32;-39;1
8932000;200;-200;-29;-33;1
8961000;199;-174;3;-3;1
8988000;208;-151;35;13;1
9017000;214;-185;1;2;1
9045000;227;-179;21;12;1
9073000;250;-190;31;37;1
9101000;280;-231;14;8;1
9130000;304;-300;-34;-3;1
9159000;303;-220;50;20;1
9187000;272;-262;-29;-22;1
9215000;240;-243;-38;-34;1
9243000;228;-186;14;-3;1
9271000;250;-172;52;42;1
9299000;282;-212;38;26;1
9327000;307;-197;81;28;1
9354000;309;-314;-51;-4;1
9382000;296;-241;17;2;1
9410000;291;-264;-12;-10;1
9438000;307;-218;56;18;1
9467000;323;-237;51;46;1
9495000;327;-294;-10;32;1
9523000;315;-236;38;15;1
9551000;304;-227;43;8;1
9580000;255;-263;-46;-19;1
9609000;125;-201;-105;-80;1
9637000;-29;-83;-125;-114;1
9665000;-163;24;-135;-132;1
9693000;-279;205;-43;-101;1
9721000;-330;227;-69;-75;1
9748000;-339;263;-36;-28;1
9776000;-328;296;12;-4;1
9803000;-278;269;30;33;1
9830000;-242;263;60;40;1
9859000;-192;190;26;43;1
9887000;-158;174;41;47;1
9915000;-139;124;3;26;1
9943000;-137;151;36;14;1
9971000;-150;92;-44;-20;1
10000000;-168;149;2;-10;1
10028000;-191;120;-53;-22;1
10056000;-206;152;-31;-30;1
10083000;-236;183;-26;-41;1
10111000;-261;214;-15;-16;1
10139000;-300;222;-44;-32;1
10168000;-325;242;-46;-25;1
10196000;-359;254;-67;-58;1
10224000;-397;322;-26;-55;1
10251000;-428;283;-102;-89;1
10279000;-427;287;-97;-89;1
10307000;-390;319;-23;-50;1
10335000;-339;333;43;28;1
10363000;-291;306;60;40;1
10392000;-233;208;6;52;1
10420000;-161;204;72;50;1
10447000;-102;120;35;50;1
10475000;-72;106;49;56;1
10502000;-8;43;40;46;1
10530000;55;5;60;50;1
10558000;161;-49;105;87;1
10586000;338;-184;127;130;1
10614000;395;-277;77;89;1
10641000;405;-367;-17;26;1
10668000;391;-316;27;24;1
10696000;341;-274;26;16;1
10724000;286;-272;-25;-38;1
10751000;208;-220;-44;-60;1
10779000;148;-160;-60;-65;1
10808000;81;-103;-36;-47;1
10836000;87;-59;19;-9;1
10864000;116;-90;12;10;1
10893000;189;-102;71;61;1
10921000;252;-142;89;66;1
10949000;297;-240;21;20;1
10977000;306;-242;28;27;1
11005000;338;-282;14;22;1
11033000;368;-253;77;38;1
11061000;377;-272;-16;22;1
11089000;345;-305;-5;6;1
11117000;313;-340;-77;-26;1
11145000;289;-256;-5;-19;1
11172000;249;-273;-64;-35;1
11201000;216;-179;-3;-5;1
11229000;185;-184;-26;-28;1
11257000;128;-151;-45;-29;1
11285000;67;-81;-61;-47;1
11313000;-40;-11;-52;-65;1
11341000;-124;24;-115;-92;1
11369000;-255;124;-113;-106;1
11396000;-338;172;-140;-121;1
11425000;-360;290;-27;-74;1
11453000;-342;302;4;-17;1
11481000;-319;303;-11;-4;1
11509000;-266;266;31;27;1
11537000;-193;236;77;83;1
11564000;-135;129;12;40;1
11593000;-117;106;4;20;1
11621000;-107;104;12;0;1
11649000;-123;110;2;0;1
11677000;-154;83;-58;-32;1
11705000;-203;153;-27;-47;1
11733000;-219;208;18;-4;1
11761000;-234;179;-29;-11;1
11789000;-261;191;-41;-24;1
11817000;-302;215;-55;-37;1
11845000;-355;226;-95;-43;1
11873000;-437;248;-152;-96;1
11900000;-501;243;-170;-136;1
11928000;-516;360;-36;-86;1
11956000;-487;385;-7;-36;1
11983000;-444;362;-28;-30;1
12011000;-378;325;19;5;1
12039000;-277;278;42;26;1
12067000;-249;298;93;52;1
12095000;-144;178;60;53;1
12123000;-78;139;75;74;1
12151000;11;52;71;74;1
12179000;92;-41;94;90;1
12208000;229;-84;132;111;1
12237000;316;-258;20;58;1
12265000;322;-296;-18;11;1
12293000;285;-260;-13;-16;1
12321000;221;-244;-58;-34;1
12348000;170;-223;-85;-76;1
12376000;101;-110;-25;-55;1
12404000;63;-63;-18;-36;1
12432000;42;-40;-3;-11;1
12460000;55;-32;28;14;1
12488000;97;-57;32;28;1
12516000;154;-99;40;46;1
12544000;210;-173;11;27;1
12571000;269;-205;34;44;1
12599000;319;-196;36;62;1
12627000;404;-326;29;55;1
12655000;460;-268;141;104;1
12683000;474;-358;-26;32;1
12711000;458;-321;80;28;1
12739000;430;-343;36;49;1
12767000;414;-303;66;33;1
12794000;395;-273;75;40;1
12822000;367;-288;36;26;1
12850000;349;-311;-7;13;1
12878000;346;-270;36;0;1
12906000;322;-293;-14;3;1
12934000;242;-286;-95;-57;1
12962000;117;-190;-100;-89;1
12990000;-3;-67;-108;-107;1
13019000;-120;17;-101;-105;1
13047000;-228;91;-124;-114;1
13075000;-284;148;-114;-103;1
13103000;-303;288;27;-23;1
13131000;-270;240;23;-1;1
13158000;-215;234;53;40;1
13186000;-140;179;64;53;1
13214000;-121;122;18;39;1
13242000;-141;104;-21;8;1
13271000;-171;130;-42;-25;1
13299000;-200;160;-16;-16;1
13327000;-216;187;-1;-31;1
13355000;-238;221;15;14;1
13383000;-250;216;-1;-9;1
13411000;-234;197;-8;6;1
13439000;-162;196;62;40;1
13467000;-114;144;51;47;1
13495000;-114;98;-1;24;1
13522000;-150;83;-54;-15;1
13550000;-201;138;-42;-43;1
13578000;-300;234;-31;-37;1
13607000;-393;298;-50;-73;1
13635000;-474;327;-73;-76;1
13663000;-543;379;-14;-32;1
13692000;-558;407;18;-11;1
13720000;-543;354;-42;-24;1
13748000;-441;279;-120;-96;1
13776000;-285;278;62;19;1
13804000;-122;204;111;96;1
13833000;9;106;104;115;1
13861000;102;-2;100;108;1
13888000;173;-108;49;67;1
13916000;211;-166;73;57;1
13944000;277;-168;84;73;1
13972000;322;-228;14;45;1
14000000;332;-268;23;50;1
14028000;322;-338;-107;-29;1
14056000;249;-268;-59;-37;1
14083000;217;-231;-47;-31;1
14111000;178;-165;-11;-23;1
14139000;149;-126;4;-9;1
14167000;149;-143;-14;-19;1
14195000;162;-181;-45;-14;1
14223000;152;-126;7;4;1
14251000;108;-137;-48;-34;1
14278000;61;-85;-36;-38;1
14308000;33;-43;-16;-29;1
14335000;62;-36;21;3;1
14363000;127;-72;44;38;1
14391000;219;-118;84;85;1
14419000;344;-255;51;75;1
14447000;383;-297;42;48;1
14475000;364;-346;-33;-13;1
14503000;339;-254;47;24;1
14531000;313;-218;63;42;1
14559000;264;-207;26;27;1
14587000;210;-201;-21;-27;1
14615000;174;-188;-52;-43;1
14643000;146;-165;-43;-36;1
14671000;166;-135;10;-3;1
14698000;186;-159;52;25;1
14726000;234;-175;49;51;1
14754000;279;-176;93;82;1
14782000;306;-249;20;32;1
14810000;315;-315;-43;-18;1
14838000;306;-306;-45;-20;1
14866000;280;-242;-9;-15;1
14894000;213;-230;-50;-40;1
14923000;95;-142;-68;-66;1
14951000;-3;-50;-120;-103;1
14979000;-161;52;-101;-102;1
15007000;-244;108;-120;-104;1
15035000;-274;170;-79;-61;1
15062000;-298;271;13;-25;1
15090000;-314;283;3;-7;1
15118000;-322;266;-16;-10;1
15146000;-306;247;-22;-13;1
15175000;-275;268;117;49;1
15203000;-237;268;70;58;1
15231000;-219;223;84;56;1
15259000;-209;206;27;45;1
15287000;-212;209;28;8;1
15315000;-223;187;-8;-14;1
15344000;-223;167;-31;-17;1
15372000;-226;203;6;0;1
15399000;-237;257;58;14;1
15427000;-242;236;-3;6;1
15455000;-239;161;-54;-26;1
15483000;-225;174;-25;0;1
15510000;-217;243;62;10;1
15538000;-205;189;11;2;1
15566000;-193;169;0;4;1
15594000;-190;190;27;13;1
15623000;-193;173;5;4;1
15652000;-195;157;-49;-17;1
15680000;-197;157;-16;-16;1
15708000;-195;150;-23;-23;1
15736000;-190;222;64;28;1
15764000;-177;147;-8;-2;1
15792000;-175;208;63;34;1
15820000;-180;150;-8;0;1
15848000;-178;195;46;15;1
15876000;-173;169;21;14;1
15903000;-167;137;16;5;1
15930000;-155;150;16;15;1
15958000;-145;130;3;11;1
15985000;-142;144;23;7;1
16013000;-150;137;7;8;1
16041000;-151;158;30;10;1
16069000;-151;129;-3;-1;1
16097000;-151;126;-6;-7;1
16125000;-140;177;62;24;1
16153000;-114;106;7;17;1
16181000;-79;110;46;34;1
16208000;-37;79;53;47;1
16236000;-6;42;42;42;1
16264000;9;5;15;23;1
16292000;12;-11;0;9;1
16320000;31;-6;24;13;1
16348000;53;-30;19;19;1
16377000;72;-44;22;27;1
16404000;84;-56;19;11;1
16432000;92;-74;7;7;1
16460000;95;-72;13;3;1
16488000;104;-98;-8;0;1
16516000;114;-113;-15;-4;1
16544000;121;-109;-3;8;1
16572000;131;-93;24;20;1
16600000;145;-133;-7;6;1
16629000;150;-121;11;0;1
16657000;153;-117;19;8;1
16685000;150;-151;-22;-3;1
16713000;148;-142;-14;-11;1
16741000;144;-140;-14;-11;1
16769000;141;-114;10;-5;1
16796000;134;-122;-5;-18;1
16824000;134;-117;0;-12;1
16853000;136;-133;-16;-5;1
16881000;138;-119;1;2;1
16909000;140;-122;0;1;1
16937000;141;-151;-31;-9;1
16965000;141;-132;-10;2;1
16993000;140;-121;-2;1;1
17021000;133;-120;-4;-4;1
17049000;127;-101;11;1;1
17077000;120;-116;-13;-5;1
17105000;127;-107;4;0;1
17133000;152;-127;6;7;1
17160000;165;-118;29;30;1
17189000;181;-120;43;33;1
17217000;204;-215;-42;-15;1
17245000;216;-168;22;7;1
17273000;211;-203;-21;0;1
17301000;193;-203;-20;-17;1
17329000;166;-174;-34;-24;1
17357000;148;-125;4;-8;1
17385000;142;-110;15;3;1
17414000;144;-181;-63;-33;1
17442000;146;-137;-25;-20;1
17470000;161;-143;-2;2;1
17499000;178;-170;-16;2;1
17527000;193;-162;-16;1;1
17554000;199;-156;20;6;1
17582000;192;-128;45;17;1
17610000;188;-192;-32;-8;1
17639000;192;-191;-26;-22;1
17667000;192;-154;15;0;1
17695000;188;-150;16;5;1
17724000;173;-160;-10;-6;1
17752000;165;-170;-30;-16;1
17780000;152;-126;7;-1;1
17808000;141;-115;8;1;1
17836000;119;-119;-17;-20;1
17864000;90;-122;-49;-22;1
17893000;44;-82;-49;-35;1
17920000;-24;-25;-53;-53;1
17948000;-72;18;-44;-47;1
17976000;-140;68;-62;-67;1
18004000;-193;153;-27;-57;1
18032000;-212;140;-51;-37;1
18060000;-213;159;-30;-21;1
18087000;-198;192;21;-4;1
18115000;-181;183;29;6;1
18143000;-181;157;0;-7;1
18170000;-193;163;-5;-10;1
18198000;-204;142;-41;-26;1
18226000;-221;179;-15;-10;1
18255000;-228;203;5;3;1
18283000;-223;201;7;3;1
18311000;-208;150;-35;-18;1
18339000;-196;184;-22;-7;1
18367000;-179;156;0;0;1
18395000;-167;139;-7;-3;1
18422000;-170;147;-1;1;1
18451000;-185;158;-3;-6;1
18478000;-190;161;-5;-4;1
18506000;-201;194;21;7;1
18534000;-200;152;28;4;1
18561000;-195;165;-5;-11;1
18589000;-200;169;-5;-5;1
18617000;-223;123;-82;-47;1
18645000;-238;221;11;0;1
18673000;-257;219;-5;-12;1
18701000;-276;247;7;-6;1
18729000;-276;247;7;1;1
18757000;-272;250;14;17;1
18785000;-277;217;-27;-3;1
18813000;-272;212;-28;-23;1
18841000;-242;256;51;33;1
18868000;-204;266;101;58;1
18896000;-162;168;30;35;1
18924000;-143;142;19;26;1
18952000;-137;143;27;21;1
18980000;-148;90;-44;-16;1
19008000;-163;139;-3;-2;1
19036000;-181;157;-12;-9;1
19064000;-209;202;23;-3;1
19093000;-200;142;-36;-12;1
19121000;-164;149;7;17;1
19149000;-95;163;92;60;1
19177000;-7;71;73;73;1
19206000;29;30;65;67;1
19233000;74;-29;41;47;1
19261000;117;-78;45;42;1
19289000;178;-169;-16;24;1
19316000;200;-164;-30;1;1
19344000;218;-195;-5;13;1
19372000;218;-189;1;2;1
19400000;202;-182;-6;-9;1
19428000;193;-155;15;-10;1
19457000;177;-165;-12;-24;1
19486000;165;-154;-11;-25;1
19514000;147;-141;-14;-23;1
19543000;134;-132;-19;-3;1
19571000;116;-89;14;-4;1
19599000;117;-111;-10;-16;1
19627000;119;-111;-7;1;1
19655000;130;-130;-18;-8;1
19683000;140;-104;20;9;1
19711000;153;-157;-26;-14;1
19739000;163;-165;-26;-10;1
19767000;167;-163;-21;-6;1
19795000;159;-147;-9;-10;1
19823000;153;-121;14;0;1
19851000;151;-158;-30;-22;1
19878000;148;-135;-7;-9;1
19907000;130;-119;-6;-6;1
19935000;108;-100;-6;-10;1
19962000;103;-104;-15;-12;1
19991000;107;-89;5;5;1
20019000;116;-92;22;8;1
20047000;134;-95;25;18;1
20076000;149;-111;21;18;1
20104000;156;-118;21;-5;1
20132000;153;-120;15;13;1
20160000;152;-123;6;10;1
20189000;139;-126;-5;-5;1
20217000;132;-106;10;0;1
20246000;131;-169;-61;-25;1
20274000;135;-112;6;-1;1
20302000;141;-116;11;1;1
20330000;147;-112;18;6;1
20358000;157;-136;1;6;1
20386000;166;-171;-30;-7;1
20414000;175;-134;21;10;1
20442000;176;-124;21;21;1
20470000;169;-177;-34;-27;1
20498000;144;-132;-7;-9;1
20526000;117;-127;-4;-10;1
20554000;100;-111;-27;-13;1
20582000;58;-65;-16;-21;1
20610000;17;-54;-44;-31;1
20638000;17;-54;-44;-31;1
20667000;-32;2;-31;-31;1
20695000;-60;31;-25;-27;1
20724000;-98;54;-36;-32;1
20752000;-118;67;-41;-31;1
20780000;-130;77;-41;-19;1
20808000;-147;120;-9;-16;1
20836000;-165;108;-41;-33;1
20863000;-173;200;56;1;1
20891000;-176;157;0;4;1
20918000;-180;130;-31;-15;1
20946000;-184;152;-10;-14;1
20974000;-195;136;-38;-21;1
21002000;-206;161;-21;-16;1
21030000;-222;149;-51;-34;1
21058000;-233;215;14;-6;1
21086000;-233;188;-16;-6;1
21114000;-229;190;-10;4;1
21142000;-219;159;-36;-1;1
21169000;-217;212;26;6;1
21197000;-223;218;26;-5;1
21224000;-226;194;-3;-14;1
21253000;-228;176;-25;-9;1
21281000;-225;228;36;15;1
21309000;-213;163;-26;11;1
21337000;-208;187;6;10;1
21364000;-209;164;-21;-3;1
21392000;-218;188;-2;3;1
21421000;-220;233;47;17;1
21449000;-202;173;-3;-7;1
21477000;-176;232;89;48;1
21505000;-154;152;48;31;1
21533000;-146;133;6;14;1
21562000;-144;122;0;2;1
21591000;-132;110;-5;2;1
21619000;-140;108;-14;-9;1
21648000;-151;96;-40;-27;1
21676000;-164;128;-18;-17;1
21704000;-170;132;-19;-4;1
21733000;-164;130;-14;1;1
21761000;-134;147;34;21;1
21789000;-92;128;54;41;1
21817000;-52;91;52;51;1
21845000;11;36;53;53;1
21874000;41;7;49;48;1
21902000;98;-51;39;39;1
21931000;158;-78;42;51;1
21960000;197;-189;-19;12;1
21988000;222;-236;-48;-6;1
22016000;223;-219;-28;-1;1
22044000;205;-179;0;-8;1
22072000;191;-189;-25;-21;1
22099000;180;-173;-18;-18;1
22128000;177;-174;-23;-32;1
22156000;167;-144;2;-9;1
22184000;165;-175;-35;-20;1
22212000;166;-136;10;2;1
22240000;160;-153;-15;-6;1
22268000;154;-119;17;5;1
22296000;159;-136;2;-2;1
22324000;172;-157;-8;-2;1
22352000;186;-164;-1;1;1
22380000;200;-169;5;11;1
22409000;204;-206;-32;-8;1
22438000;200;-158;18;1;1
22467000;189;-161;4;12;1
22494000;183;-212;-60;-34;1
22522000;166;-157;-19;-23;1
22551000;155;-152;-19;-20;1
22579000;147;-122;6;1;1
22608000;150;-122;10;-2;1
22636000;155;-125;10;8;1
22664000;151;-124;8;2;1
22693000;153;-113;23;-1;1
22721000;156;-157;-23;-11;1
22749000;163;-138;4;3;1
22777000;161;-117;0;4;1
22805000;166;-124;24;18;1
22833000;171;-142;8;6;1
22862000;175;-113;45;17;1
22890000;168;-163;-18;0;1
22918000;146;-151;-27;-11;1
22946000;118;-117;-16;-16;1
22974000;97;-87;-14;-19;1
23003000;55;-63;-17;-27;1
23031000;9;-26;-20;-28;1
23059000;-19;-15;-36;-37;1
23086000;-43;3;-39;-33;1
23114000;-71;44;-21;-27;1
23142000;-103;81;-19;-33;1
23171000;-131;84;-34;-29;1
23199000;-143;114;-12;-23;1
23227000;-147;107;-6;-14;1
23255000;-154;94;-46;-24;1
23283000;-154;131;-3;-22;1
23311000;-166;101;-50;-18;1
23339000;-178;168;15;-1;1
23366000;-190;157;-10;-16;1
23393000;-202;193;19;7;1
23420000;-209;186;4;12;1
23448000;-215;214;30;12;1
23476000;-226;202;5;-5;1
23503000;-235;236;35;-1;1
23531000;-242;188;-26;-17;1
23559000;-259;196;-33;-28;1
23587000;-268;222;-13;-9;1
23615000;-262;184;-50;-30;1
23644000;-253;224;-14;-1;1
23673000;-243;236;27;11;1
23701000;-248;227;12;-4;1
23730000;-255;200;-25;-2;1
23758000;-262;227;-1;-4;1
23786000;-241;228;21;6;1
23814000;-210;162;-24;-4;1
23843000;-151;146;16;29;1
23871000;-92;104;26;26;1
23899000;-63;84;33;31;1
23927000;-54;58;11;18;1
23956000;-56;38;-12;-4;1
23984000;-61;59;6;-2;1
24013000;-58;58;8;-1;1
24041000;-36;38;17;8;1
24069000;21;11;34;23;1
24096000;40;4;44;30;1
24125000;87;-38;58;52;1
24154000;142;-75;56;52;1
24182000;161;-134;7;23;1
24211000;174;-134;19;16;1
24239000;182;-146;14;6;1
24267000;179;-127;33;12;1
24295000;183;-163;-4;13;1
24323000;180;-168;-13;-13;1
24351000;182;-164;-36;-17;1
24379000;202;-151;28;1;1
24408000;217;-190;7;8;1
24437000;238;-210;-2;10;1
24465000;249;-234;-19;-3;1
24493000;252;-213;7;2;1
24521000;242;-247;-41;-32;1
24549000;227;-189;-59;-31;1
24577000;205;-217;-43;-16;1
24605000;178;-169;-16;-16;1
24633000;157;-141;-4;-10;1
24661000;146;-126;-3;-16;1
24689000;141;-168;-52;-25;1
24717000;137;-188;-78;-34;1
24746000;128;-109;3;-6;1
24774000;127;-107;4;0;1
24803000;130;-105;9;5;1
24831000;141;-134;-12;2;1
24859000;153;-139;-6;0;1
24887000;174;-160;27;19;1
24916000;197;-219;-50;2;1
24944000;213;-166;22;4;1
24972000;221;-203;10;0;1
25000000;201;-155;23;0;1
25028000;164;-166;-26;-28;1
25056000;139;-159;-43;-23;1
25083000;131;-127;4;-11;1
25111000;129;-90;25;10;1
25139000;136;-118;0;5;1
25167000;142;-141;-19;-6;1
25195000;117;-126;-27;-17;1
25223000;51;-106;-70;-48;1
25251000;-18;-44;-68;-67;1
25279000;-92;24;-65;-67;1
25307000;-128;37;-86;-63;1
25335000;-140;99;-27;-34;1
25363000;-131;104;-7;-8;1
25391000;-117;107;5;1;1
25419000;-101;107;21;12;1
25447000;-88;52;-29;-2;1
25474000;-93;87;6;-8;1
25503000;-109;67;-32;-25;1
25531000;-124;114;6;-13;1
25559000;-144;116;-11;-3;1
25587000;-158;136;-1;-10;1
25615000;-173;126;-28;-19;1
25643000;-178;161;-21;-8;1
25671000;-192;164;-3;-10;1
25699000;-203;134;-58;-25;1
25727000;-231;206;5;-18;1
25755000;-244;193;-22;-19;1
25783000;-244;203;-8;-7;1
25810000;-250;210;-8;-7;1
25838000;-259;232;5;-7;1
25866000;-266;219;-14;0;1
25894000;-273;277;44;11;1
25922000;-271;218;-20;-20;1
25950000;-264;217;-14;3;1
25978000;-255;247;28;22;1
26006000;-237;221;16;16;1
26034000;-227;167;-27;-8;1
26062000;-222;205;13;4;1
26090000;-225;224;31;12;1
26118000;-234;163;-47;-21;1
26146000;-240;220;12;13;1
26174000;-250;242;27;11;1
26201000;-280;184;-68;-37;1
26229000;-327;256;-33;-46;1
26257000;-374;240;-98;-71;1
26284000;-387;300;-38;-28;1
26312000;-360;315;23;6;1
26340000;-253;280;68;37;1
26368000;-143;223;113;110;1
26396000;20;95;130;129;1
26424000;94;-42;73;93;1
26453000;164;-66;88;79;1
26481000;243;-209;3;32;1
26509000;268;-168;90;65;1
26537000;279;-212;35;38;1
26564000;261;-271;-50;-26;1
26592000;217;-240;-58;-52;1
26620000;185;-225;-73;-42;1
26648000;153;-176;-49;-50;1
26675000;145;-152;-29;-33;1
26704000;147;-126;2;-7;1
26732000;159;-115;27;15;1
26760000;166;-165;-24;-16;1
26788000;167;-126;23;7;1
26816000;169;-130;19;6;1
26844000;177;-149;5;-2;1
26872000;179;-168;-13;-7;1
26900000;212;-193;5;7;1
26928000;335;-119;198;107;1
26956000;461;-329;71;119;1
26983000;556;-397;-6;41;1
27011000;547;-383;9;19;1
27039000;477;-371;-21;-6;1
27067000;348;-366;-72;-56;1
27094000;272;-275;-43;-69;1
27122000;180;-230;-83;-73;1
27150000;125;-154;-51;-55;1
27178000;110;-110;-15;-36;1
27206000;117;-91;13;-7;1
27234000;137;-107;14;14;1
27262000;148;-108;24;11;1
27290000;138;-117;3;4;1
27318000;122;-109;-3;-2;1
27346000;106;-84;9;0;1
27374000;98;-67;21;-2;1
27403000;91;-75;4;5;1
27431000;95;-95;-6;4;1
27459000;123;-72;40;25;1
27486000;141;-88;34;28;1
27514000;155;-137;-2;14;1
27542000;126;-130;-23;0;1
27570000;77;-110;-48;-42;1
27598000;-26;-36;-67;-63;1
27626000;-67;15;-49;-52;1
27654000;-156;60;-87;-65;1
27682000;-209;173;-10;-35;1
27709000;-224;152;-49;-41;1
27737000;-252;174;-51;-50;1
27765000;-251;238;22;-9;1
27793000;-237;239;36;13;1
27821000;-222;211;19;18;1
27849000;-211;204;22;22;1
27876000;-219;159;13;-5;1
27904000;-234;201;-3;-2;1
27932000;-242;164;-53;-26;1
27959000;-248;239;26;-15;1
27987000;-252;233;15;8;1
28015000;-239;245;42;20;1
28043000;-214;230;50;33;1
28071000;-201;160;-20;8;1
28099000;-224;209;15;5;1
28127000;-273;182;-64;-38;1
28155000;-358;204;-124;-85;1
28183000;-434;339;-44;-67;1
28210000;-462;414;-36;-21;1
28238000;-433;402;28;-1;1
28266000;-361;324;10;-12;1
28294000;-230;295;108;88;1
28322000;-133;152;55;74;1
28350000;-59;128;87;79;1
28377000;-32;52;29;41;1
28406000;-37;32;0;9;1
28434000;-57;23;-31;-14;1
28462000;-97;51;-38;-33;1
28490000;-129;77;-41;-33;1
28518000;-163;127;-17;-21;1
28547000;-169;113;-39;-25;1
28576000;-175;212;65;19;1
28605000;-182;156;-3;19;1
28633000;-187;152;-13;2;1
28661000;-188;209;51;32;1
28689000;-182;199;53;36;1
28717000;-172;187;42;33;1
28745000;-145;143;18;21;1
28772000;-92;133;60;44;1
28800000;9;53;70;69;1
28829000;58;11;71;67;1
28857000;116;-49;59;62;1
28885000;164;-109;39;32;1
28912000;180;-128;40;16;1
28940000;211;-141;-40;-6;1
28968000;282;-178;77;43;1
28996000;309;-228;47;19;1
29024000;296;-231;-64;-1;1
29052000;260;-212;16;-2;1
29080000;216;-207;-21;-43;1
29108000;165;-159;-17;-34;1
29135000;122;-135;-33;-40;1
29163000;114;-106;-7;-16;1
29190000;126;-121;-12;-11;1
29219000;140;-126;-4;2;1
29247000;164;-109;38;24;1
29275000;174;-136;45;24;1
29303000;163;-137;6;6;1
29331000;149;-154;-27;-21;1
29359000;153;-137;-4;10;1
29387000;216;-187;1;21;1
29415000;313;-155;134;82;1
29442000;443;-280;121;97;1
29470000;492;-380;13;49;1
29498000;514;-404;-14;6;1
29526000;437;-391;-11;4;1
29554000;310;-348;-90;-60;1
29581000;141;-263;-160;-108;1
29609000;49;-143;-90;-108;1
29637000;9;-38;-33;-62;1
29665000;11;-14;-4;-23;1
29693000;21;-3;17;13;1
29722000;54;-37;11;14;1
29750000;81;-20;58;39;1
29778000;114;-56;49;39;1
29806000;127;-87;26;17;1
29834000;142;-124;0;13;1
29863000;161;-142;-2;8;1
29891000;159;-127;13;17;1
29919000;147;-136;-8;0;1
29947000;127;-145;-39;-20;1
29975000;106;-122;-33;-24;1
30002000;86;-95;-23;-23;1
30030000;84;-80;-7;-8;1
30058000;86;-88;-14;-9;1
30086000;108;-78;19;17;1
30114000;120;-75;34;25;1
30141000;123;-101;7;21;1
30169000;120;-90;17;8;1
30197000;111;-91;7;-3;1
30225000;75;-71;-5;-6;1
30253000;26;-60;-42;-36;1
30281000;-17;-15;-34;-39;1
30309000;-48;6;-41;-35;1
30337000;-136;44;-86;-69;1
30364000;-186;146;-18;-53;1
30392000;-236;177;-33;-62;1
30420000;-255;233;12;-12;1
30447000;-247;217;2;-12;1
30475000;-229;228;32;4;1
30504000;-185;218;65;29;1
30532000;-152;155;25;28;1
30560000;-126;126;18;14;1
30588000;-133;95;-24;-2;1
30616000;-186;130;-36;-19;1
30644000;-225;162;-38;-31;1
30672000;-276;214;-30;-39;1
30700000;-292;222;-37;-36;1
30728000;-280;227;-19;-17;1
30756000;-266;204;-32;-16;1
30784000;-262;185;-50;-10;1
30811000;-278;222;-22;-17;1
30839000;-257;206;-20;9;1
30867000;-222;216;58;30;1
30895000;-168;171;27;33;1
30923000;-130;163;29;40;1
30951000;-98;102;19;28;1
30979000;-82;82;11;11;1
31007000;-68;60;0;0;1
31035000;-81;77;6;0;1
31063000;-95;56;-20;-17;1
31091000;-123;83;-28;-25;1
31119000;-158;126;-13;-27;1
31147000;-185;127;-39;-27;1
31174000;-204;155;-26;-22;1
31202000;-234;157;-54;-48;1
31230000;-242;192;-22;-10;1
31258000;-223;187;-8;4;1
31286000;-193;261;106;58;1
31314000;-173;185;38;41;1
31342000;-170;167;21;20;1
31370000;-167;148;2;3;1
31398000;-168;116;-34;-15;1
31426000;-166;214;45;37;1
31454000;-143;168;49;35;1
31482000;-125;124;17;27;1
31510000;-107;114;23;26;1
31537000;-76;124;66;30;1
31566000;-9;81;84;64;1
31594000;103;5;109;90;1
31622000;232;-126;87;106;1
31650000;331;-185;118;98;1
31678000;323;-317;-40;18;1
31706000;252;-297;-89;-42;1
31735000;194;-232;-110;-76;1
31763000;152;-182;-56;-51;1
31791000;126;-171;-70;-60;1
31819000;127;-131;-23;-31;1
31847000;164;-113;52;23;1
31875000;235;-162;49;45;1
31903000;325;-279;4;27;1
31931000;374;-318;8;27;1
31959000;459;-325;76;79;1
31987000;489;-341;57;78;1
32015000;459;-297;108;117;1
32043000;416;-323;44;62;1
32071000;351;-242;72;40;1
32099000;302;-263;0;0;1
32126000;247;-251;-76;-62;1
32155000;149;-170;-45;-68;1
32184000;65;-118;-69;-66;1
32213000;25;-55;-37;-44;1
32241000;32;-33;8;-10;1
32270000;51;-11;38;17;1
32298000;73;-43;33;28;1
32326000;111;-68;33;34;1
32353000;147;-113;17;27;1
32381000;161;-113;31;23;1
32409000;167;-126;23;23;1
32437000;158;-167;-33;-4;1
32465000;137;-112;8;-10;1
32493000;114;-113;-15;-10;1
32521000;108;-94;0;-6;1
32550000;103;-74;18;11;1
32578000;106;-91;1;-6;1
32606000;121;-89;19;17;1
32634000;141;-86;42;33;1
32662000;153;-121;14;11;1
32689000;166;-110;43;33;1
32718000;176;-138;17;15;1
32745000;170;-146;2;16;1
32773000;159;-177;-44;-22;1
32802000;146;-129;-1;-8;1
32830000;116;-112;-12;-9;1
32859000;70;-108;-53;-46;1
32888000;-13;-41;-61;-49;1
32917000;-42;9;-31;-30;1
32945000;-82;32;-50;-35;1
32973000;-103;65;-28;-32;1
33001000;-106;86;-7;-18;1
33029000;-108;92;-2;-6;1
33057000;-104;88;-3;9;1
33085000;-109;92;-3;-1;1
33112000;-115;86;-16;-9;1
33140000;-118;90;-15;-6;1
33168000;-137;81;-44;-25;1
33196000;-162;124;-20;-25;1
33224000;-186;104;-66;-45;1
33252000;-213;175;-12;-18;1
33280000;-223;176;-20;-21;1
33309000;-226;213;18;0;1
33337000;-219;208;19;7;1
33365000;-205;178;0;0;1
33393000;-197;162;-4;-12;1
33421000;-191;134;-37;-15;1
33449000;-218;225;40;3;1
33476000;-318;252;-28;-39;1
33504000;-392;260;-93;-34;1
33533000;-430;307;-77;-62;1
33562000;-417;228;-95;-111;1
33590000;-378;369;46;-17;1
33618000;-308;243;-29;-12;1
33647000;-244;229;19;13;1
33676000;-190;173;7;38;1
33705000;-187;162;-6;16;1
33733000;-192;175;8;11;1
33761000;-183;177;19;15;1
33790000;-158;156;21;18;1
33818000;-138;137;19;25;1
33846000;-114;124;27;26;1
33873000;-84;123;69;42;1
33901000;-50;60;18;31;1
33929000;-39;36;9;11;1
33958000;-28;27;2;5;1
33986000;-37;31;-7;-5;1
34014000;-46;23;-19;-13;1
34042000;-53;25;-24;-20;1
34070000;-59;51;-17;-13;1
34098000;-67;61;3;-1;1
34126000;-75;56;-10;-4;1
34154000;-76;66;0;-1;1
34182000;-80;71;1;0;1
34210000;-95;68;-16;-10;1
34237000;-117;57;-51;-25;1
34265000;-125;125;18;-6;1
34293000;-138;123;2;-2;1
34321000;-142;112;-13;-6;1
34349000;-143;92;-38;-18;1
34377000;-146;136;9;9;1
34405000;-140;130;9;0;1
34433000;-125;108;0;10;1
34461000;-123;120;14;19;1
34489000;-131;99;-17;8;1
34517000;-143;109;-18;4;1
34545000;-152;149;18;9;1
34573000;-136;159;46;33;1
34601000;-91;150;81;61;1
34629000;-2;52;92;80;1
34657000;83;-26;77;84;1
34685000;151;-103;32;53;1
34713000;181;-154;4;12;1
34741000;191;-192;-22;-10;1
34770000;216;-205;-19;1;1
34799000;209;-195;-14;-16;1
34827000;185;-179;-20;-15;1
34855000;153;-167;-38;-24;1
34883000;127;-153;-48;-52;1
34911000;97;-83;1;-27;1
34939000;97;-90;-6;-19;1
34967000;116;-86;17;3;1
34994000;139;-106;17;14;1
35022000;156;-136;0;17;1
35050000;189;-122;48;35;1
35078000;222;-175;21;33;1
35106000;256;-170;60;31;1
35134000;312;-263;10;24;1
35162000;377;-272;64;42;1
35190000;449;-363;31;31;1
35219000;480;-383;9;18;1
35247000;481;-330;70;32;1
35275000;424;-308;70;71;1
35303000;378;-316;15;22;1
35331000;297;-287;-32;-24;1
35359000;250;-266;-54;-50;1
35386000;208;-231;-56;-50;1
35415000;205;-188;-10;-23;1
35443000;199;-174;0;-11;1
35472000;181;-173;-17;-7;1
35500000;162;-186;-51;-31;1
35528000;137;-134;-16;-24;1
35556000;108;-122;-32;-19;1
35585000;76;-74;-8;-13;1
35613000;48;-49;-7;-19;1
35641000;34;-46;-18;-20;1
35670000;37;-24;10;-1;1
35698000;50;-24;22;11;1
35726000;66;-25;37;24;1
35754000;75;-64;2;11;1
35781000;91;-78;10;9;1
35809000;116;-86;17;28;1
35836000;145;-107;22;27;1
35864000;166;-91;62;47;1
35891000;186;-154;9;18;1
35919000;194;-191;-25;1;1
35947000;200;-169;5;4;1
35974000;193;-154;16;10;1
36002000;155;-142;-7;-14;1
36030000;120;-125;-23;-23;1
36058000;42;-91;-62;-45;1
36087000;-28;-20;-57;-63;1
36115000;-80;21;-56;-53;1
36143000;-150;90;-46;-46;1
36171000;-202;150;-30;-48;1
36198000;-249;168;-56;-47;1
36225000;-291;210;-49;-49;1
36254000;-296;241;-53;-46;1
36282000;-285;257;9;-20;1
36311000;-284;267;22;17;1
36340000;-308;259;-10;0;1
36367000;-359;305;-8;-14;1
36395000;-408;323;-37;-29;1
36424000;-496;398;7;-13;1
36452000;-568;390;-1;-20;1
36480000;-620;277;-131;-85;1
36508000;-654;396;5;-53;1
36536000;-663;345;-53;-52;1
36565000;-651;359;-37;-46;1
36594000;-598;358;-38;-39;1
36622000;-528;389;-2;-27;1
36650000;-421;334;11;-15;1
36678000;-247;353;158;64;1
36706000;-4;174;195;184;1
36734000;244;-82;149;173;1
36762000;384;-209;144;163;1
36790000;576;-284;123;129;1
36818000;655;-307;96;94;1
36846000;663;-332;68;58;1
36874000;645;-342;56;49;1
36902000;669;-356;40;63;1
36930000;663;-387;4;31;1
36958000;628;-359;37;39;1
36986000;550;-393;-1;20;1
37014000;494;-391;10;24;1
37042000;413;-381;-24;-25;1
37070000;288;-307;-64;-51;1
37099000;183;-262;-117;-88;1
37127000;79;-126;-65;-85;1
37154000;-14;-67;-91;-82;1
37181000;-89;14;-72;-76;1
37209000;-161;52;-101;-84;1
37238000;-288;171;-91;-91;1
37267000;-385;260;-86;-94;1
37295000;-482;272;-137;-133;1
37324000;-542;327;-73;-78;1
37353000;-586;328;-72;-64;1
37381000;-593;303;-101;-86;1
37410000;-604;378;-15;-41;1
37438000;-608;357;-39;-46;1
37466000;-604;394;3;-32;1
37494000;-604;278;-130;-85;1
37522000;-559;308;-95;-59;1
37550000;-490;389;-2;-32;1
37577000;-422;337;-34;-47;1
37605000;-224;331;156;87;1
37632000;-2;139;156;151;1
37660000;135;1;136;150;1
37687000;277;-87;177;170;1
37716000;390;-211;147;150;1
37744000;509;-322;79;130;1
37772000;585;-393;86;57;1
37800000;615;-318;84;67;1
37828000;611;-363;61;52;1
37856000;622;-423;-36;-5;1
37883000;603;-338;61;33;1
37911000;574;-286;121;99;1
37940000;507;-337;62;73;1
37968000;406;-445;-105;-46;1
37996000;325;-334;-58;-43;1
38024000;209;-273;-104;-82;1
38052000;79;-174;-120;-111;1
38079000;-38;-64;-111;-123;1
38107000;-127;16;-109;-110;1
38135000;-214;146;-46;-71;1
38164000;-301;193;-79;-82;1
38192000;-355;212;-111;-62;1
38221000;-418;327;-42;-57;1
38249000;-446;350;-43;-67;1
38277000;-468;390;-1;-21;1
38304000;-524;305;-99;-73;1
38333000;-559;355;-41;-59;1
38361000;-573;385;-7;-15;1
38389000;-590;334;-65;-63;1
38417000;-577;358;-38;-73;1
38445000;-513;352;-45;-70;1
38473000;-445;319;-78;-59;1
38500000;-379;304;-29;-15;1
38528000;-244;302;102;51;1
38556000;-132;172;64;85;1
38584000;-46;123;94;92;1
38613000;39;19;61;70;1
38640000;142;-72;59;69;1
38668000;258;-136;102;96;1
38696000;410;-249;123;99;1
38724000;510;-236;178;170;1
38752000;580;-342;56;96;1
38780000;655;-355;41;67;1
38808000;648;-334;65;76;1
38836000;683;-358;38;68;1
38865000;697;-412;-23;19;1
38893000;656;-350;47;36;1
38921000;588;-299;106;96;1
38948000;480;-382;10;35;1
38976000;385;-404;-78;-36;1
39004000;308;-325;-65;-98;1
39032000;132;-239;-142;-115;1
39060000;24;-131;-126;-118;1
39088000;-82;-16;-100;-102;1
39116000;-187;53;-126;-115;1
39143000;-255;134;-100;-95;1
39171000;-302;194;-78;-64;1
39200000;-367;262;-66;-59;1
39228000;-430;312;-71;-85;1
39256000;-458;366;-29;-34;1
39284000;-474;402;12;-2;1
39312000;-490;342;-131;-62;1
39340000;-506;348;-49;-89;1
39367000;-502;311;-92;-89;1
39395000;-501;280;-128;-82;1
39423000;-483;301;-103;-92;1
39451000;-425;372;1;-39;1
39479000;-336;353;69;13;1
39507000;-215;268;92;74;1
39535000;-86;235;183;136;1
39564000;20;106;142;143;1
39592000;81;11;56;89;1
39620000;183;-97;72;85;1
39648000;278;-192;93;97;1
39675000;388;-225;129;107;1
39703000;466;-353;44;66;1
39731000;524;-309;94;85;1
39759000;567;-313;90;81;1
39786000;590;-335;30;59;1
39815000;573;-314;88;74;1
39843000;554;-348;49;78;1
39871000;510;-375;18;35;1
39898000;420;-300;75;41;1
39926000;334;-329;-43;-5;1
39954000;232;-346;-165;-81;1
39982000;94;-197;-131;-143;1
40010000;-59;-44;-109;-124;1
40038000;-178;65;-104;-102;1
40067000;-259;177;-56;-89;1
40095000;-352;272;-39;-65;1
40123000;-435;273;-121;-116;1
40151000;-498;352;-45;-78;1
40179000;-552;380;-13;-55;1
40207000;-590;322;-79;-68;1
40234000;-610;381;-11;-24;1
40262000;-612;327;-73;-65;1
40290000;-599;367;-27;-58;1
40317000;-521;315;-87;-59;1
40346000;-396;282;-71;-76;1
40374000;-195;362;220;128;1
40402000;11;167;203;182;1
40430000;205;-37;162;180;1
40458000;352;-189;134;158;1
40486000;534;-308;95;120;1
40514000;627;-362;33;74;1
40542000;657;-277;131;102;1
40570000;689;-358;38;85;1
40599000;679;-327;73;64;1
40627000;601;-413;-24;1;1
40655000;495;-383;9;20;1
40682000;282;-354;-124;-75;1
40709000;4;-194;-218;-180;1
40737000;-165;-69;-245;-211;1
40766000;-303;144;-138;-181;1
40794000;-518;296;-109;-140;1
40821000;-575;350;-47;-80;1
40849000;-619;348;-49;-69;1
40878000;-607;371;-23;-39;1
40906000;-510;384;-8;-9;1
40934000;-421;330;12;-8;1
40963000;-261;275;117;82;1
40991000;-62;190;156;156;1
41019000;93;67;196;182;1
41047000;293;-141;130;151;1
41075000;426;-246;143;153;1
41103000;548;-323;78;91;1
41131000;623;-296;109;91;1
41158000;656;-299;106;108;1
41186000;620;-357;39;63;1
41213000;559;-361;34;42;1
41241000;416;-333;33;29;1
41270000;308;-271;-3;13;1
41298000;150;-209;-89;-87;1
41326000;65;-137;-92;-92;1
41354000;-21;-44;-72;-88;1
41382000;-45;27;-14;-31;1
41410000;-63;45;-11;-21;1
41438000;-67;61;2;-8;1
41467000;-76;67;0;-7;1
41495000;-85;61;-15;-12;1
41523000;-99;75;-13;-16;1
41551000;-111;55;-48;-24;1
41578000;-142;112;-13;-23;1
41606000;-162;104;-42;-24;1
41634000;-200;175;1;-21;1
41661000;-224;164;-35;-25;1
41689000;-242;180;-35;-27;1
41718000;-255;177;-51;-33;1
41746000;-264;177;-61;-34;1
41774000;-275;264;28;-3;1
41803000;-303;254;-11;-18;1
41831000;-320;255;-27;-23;1
41859000;-338;296;1;2;1
41886000;-347;326;27;7;1
41913000;-361;267;-54;-22;1
41941000;-376;318;-10;-34;1
41969000;-354;238;-80;-65;1
41998000;-310;334;73;27;1
42026000;-249;233;18;38;1
42054000;-190;210;50;42;1
42081000;-150;181;58;50;1
42110000;-65;125;77;68;1
42137000;26;56;91;87;1
42165000;125;-6;118;98;1
42192000;287;-198;59;74;1
42220000;438;-253;147;140;1
42248000;554;-319;83;113;1
42276000;678;-357;39;76;1
42305000;772;-362;33;57;1
42333000;794;-371;23;3;1
42361000;727;-362;33;15;1
42389000;593;-361;48;48;1
42417000;326;-293;-10;-8;1
42445000;1;-178;-203;-154;1
42474000;-189;-40;-184;-197;1
42502000;-388;149;-217;-194;1
42530000;-501;282;-125;-144;1
42557000;-629;304;-100;-105;1
42585000;-737;359;-37;-60;1
42613000;-777;370;30;-7;1
42641000;-733;361;-34;-25;1
42670000;-645;357;-39;-36;1
42698000;-446;282;-122;-79;1
42726000;-182;299;161;82;1
42754000;104;171;301;219;1
42782000;310;-58;244;261;1
42810000;499;-278;130;189;1
42838000;667;-384;8;60;1
42866000;759;-384;8;24;1
42894000;796;-387;4;14;1
42921000;748;-371;23;18;1
42949000;647;-357;39;39;1
42977000;461;-280;128;95;1
43005000;230;-309;-124;-79;1
43033000;39;-173;-159;-149;1
43061000;-131;-43;-180;-175;1
43089000;-324;146;-156;-159;1
43117000;-505;263;-147;-143;1
43144000;-616;356;-40;-81;1
43173000;-701;303;-101;-88;1
43201000;-759;334;-65;-93;1
43229000;-737;362;-33;-40;1
43257000;-663;381;-11;-25;1
43285000;-522;319;-83;-56;1
43314000;-268;354;138;59;1
43343000;-10;201;220;203;1
43371000;357;-29;323;287;1
43399000;552;-284;123;220;1
43427000;707;-340;59;105;1
43456000;816;-320;82;76;1
43484000;859;-379;14;24;1
43512000;816;-364;31;5;1
43540000;658;-339;60;13;1
43568000;355;-324;-17;10;1
43596000;77;-295;-312;-201;1
43624000;-192;-41;-239;-239;1
43652000;-382;149;-210;-237;1
43680000;-573;351;-46;-126;1
43708000;-667;308;-31;-64;1
43735000;-736;396;5;-28;1
43763000;-786;405;15;6;1
43791000;-718;316;-86;-59;1
43819000;-543;278;-130;-114;1
43848000;-313;331;67;-8;1
43876000;70;168;264;200;1
43904000;258;-144;185;215;1
43932000;556;-275;133;193;1
43959000;738;-368;26;79;1
43988000;799;-328;72;71;1
44016000;885;-342;56;72;1
44044000;842;-391;0;41;1
44072000;690;-440;-56;-23;1
44100000;445;-362;28;9;1
44127000;215;-382;-223;-114;1
44155000;-62;-128;-209;-192;1
44183000;-203;9;-263;-225;1
44211000;-419;199;-190;-180;1
44238000;-527;319;8;-63;1
44266000;-626;358;-38;-31;1
44294000;-656;388;-3;-4;1
44322000;-687;372;-22;-24;1
44349000;-671;330;-70;-46;1
44378000;-602;321;-80;-68;1
44406000;-543;304;-100;-79;1
44434000;-421;313;-6;-39;1
44462000;-166;314;194;110;1
44490000;103;99;217;207;1
44518000;333;-48;278;247;1
44547000;588;-281;126;164;1
44575000;734;-333;67;82;1
44603000;842;-304;100;106;1
44631000;861;-381;11;38;1
44659000;784;-401;-11;7;1
44686000;532;-386;6;5;1
44714000;248;-376;-183;-84;1
44742000;-109;-172;-306;-259;1
44770000;-337;42;-289;-282;1
44798000;-504;305;-99;-181;1
44826000;-607;361;-34;-78;1
44854000;-629;411;22;-3;1
44882000;-612;329;-71;-47;1
44910000;-551;407;18;-17;1
44938000;-382;362;33;-1;1
44967000;-278;313;150;101;1
44995000;-60;215;186;153;1
45023000;242;1;243;223;1
45050000;455;-226;220;212;1
45078000;683;-332;68;121;1
45107000;784;-359;37;67;1
45134000;763;-374;19;50;1
45162000;609;-387;4;33;1
45190000;477;-408;-19;7;1
45219000;120;-261;-292;-197;1
45247000;-216;-38;-260;-252;1
45275000;-374;167;-182;-207;1
45303000;-596;321;-80;-131;1
45332000;-679;328;-72;-74;1
45360000;-714;365;-30;-45;1
45388000;-700;389;-2;-26;1
45417000;-601;301;-103;-68;1
45445000;-428;354;-21;-54;1
45473000;-215;317;148;131;1
45501000;86;151;259;219;1
45529000;261;-64;208;207;1
45557000;506;-291;115;168;1
45585000;645;-396;-5;50;1
45613000;717;-307;96;69;1
45641000;700;-340;59;78;1
45669000;642;-373;17;33;1
45697000;496;-399;-8;12;1
45725000;324;-382;-114;-69;1
45754000;216;-278;-103;-106;1
45783000;127;-173;-71;-85;1
45811000;68;-89;-33;-58;1
45839000;20;-58;-46;-52;1
45866000;-4;-11;-16;-31;1
45895000;-6;-1;-7;-8;1
45924000;-2;11;10;1;1
45953000;-15;1;-14;-8;1
45981000;-97;27;-66;-47;1
46009000;-151;57;-96;-80;1
46037000;-230;155;-51;-73;1
46066000;-318;226;-100;-75;1
46094000;-404;245;-122;-94;1
46122000;-450;395;47;-5;1
46150000;-509;356;-40;-49;1
46178000;-566;342;-56;-39;1
46206000;-569;348;-49;-39;1
46234000;-557;301;-103;-95;1
46262000;-564;359;-37;-59;1
46290000;-535;359;-37;-59;1
46318000;-455;348;-49;-61;1
46346000;-374;286;-45;-46;1
46375000;-206;281;116;89;1
46404000;-33;205;202;165;1
46432000;135;38;179;180;1
46460000;213;-146;45;83;1
46488000;221;-212;-22;1;1
46517000;215;-209;-24;-18;1
46545000;185;-204;-48;-30;1
46573000;166;-176;-35;-31;1
46601000;142;-129;-5;-18;1
46628000;133;-117;-1;-7;1
46655000;115;-129;-37;-33;1
46683000;109;-129;-38;-27;1
46711000;112;-77;23;0;1
46739000;133;-82;38;17;1
46767000;192;-97;81;46;1
46795000;337;-170;142;99;1
46822000;466;-235;179;129;1
46850000;635;-368;26;92;1
46879000;701;-361;34;55;1
46907000;683;-388;3;26;1
46935000;558;-371;23;20;1
46963000;388;-287;58;59;1
46991000;166;-254;-125;-71;1
47019000;-7;-132;-159;-134;1
47047000;-88;-8;-97;-117;1
47074000;-109;59;-41;-63;1
47102000;-99;91;5;-8;1
47129000;-65;67;20;17;1
47157000;-22;44;28;21;1
47185000;5;8;14;18;1
47213000;-2;1;-1;5;1
47241000;1;0;1;1;1
47269000;0;0;0;-1;1
47297000;-1;0;-1;0;1
47325000;-6;12;7;0;1
47353000;-25;2;-23;-12;1
47381000;-54;10;-42;-31;1
47409000;-90;33;-52;-35;1
47437000;-158;76;-70;-56;1
47465000;-228;129;-80;-71;1
47492000;-288;180;-81;-58;1
47520000;-302;264;1;-7;1
47547000;-284;254;7;-6;1
47575000;-255;260;43;14;1
47603000;-234;227;26;23;1
47631000;-218;181;-10;11;1
47659000;-214;213;30;13;1
47687000;-205;203;27;30;1
47715000;-195;153;-19;4;1
47743000;-196;156;-17;-7;1
47771000;-192;182;17;-1;1
47800000;-183;200;11;20;1
47828000;-174;165;18;20;1
47856000;-175;169;19;5;1
47884000;-183;160;0;3;1
47912000;-188;186;25;26;1
47939000;-186;201;4;13;1
47966000;-170;147;-1;1;1
47994000;-144;152;30;13;1
48022000;-108;110;17;26;1
48050000;-96;81;2;10;1
48079000;-82;101;33;16;1
48107000;-81;77;6;4;1
48135000;-86;78;0;-1;1
48163000;-101;88;0;3;1
48191000;-122;93;-15;-6;1
48219000;-132;101;-16;-12;1
48247000;-128;102;-11;-12;1
48275000;-121;137;35;17;1
48303000;-108;96;1;12;1
48331000;-84;90;18;20;1
48358000;-38;84;58;43;1
48386000;4;32;41;38;1
48414000;9;4;14;21;1
48442000;37;-1;36;25;1
48470000;69;-27;37;38;1
48498000;99;-57;21;29;1
48527000;157;-127;11;21;1
48554000;199;-181;-8;9;1
48581000;225;-205;-9;-1;1
48609000;232;-225;-26;-13;1
48637000;238;-166;47;17;1
48665000;236;-195;12;17;1
48693000;232;-204;-1;-8;1
48721000;223;-195;-1;-11;1
48749000;216;-208;-23;-27;1
48777000;205;-184;-6;-4;1
48804000;192;-193;-29;-16;1
48832000;197;-173;-1;-10;1
48860000;197;-148;27;14;1
48888000;200;-178;-4;-1;1
48916000;194;-182;-14;-19;1
48944000;169;-159;-13;-12;1
48971000;139;-137;-17;-20;1
48999000;100;-106;-21;-29;1
49027000;76;-101;-39;-36;1
49055000;58;-50;0;-10;1
49083000;48;-46;-4;-8;1
49111000;42;-32;5;0;1
49139000;30;-30;-3;-3;1
49166000;18;-23;-8;-8;1
49194000;13;-11;0;-3;1
49222000;29;-24;2;5;1
49250000;55;-22;29;19;1
49277000;77;-31;41;32;1
49305000;114;-80;22;31;1
49333000;170;-105;50;47;1
49362000;205;-149;-3;23;1
49390000;239;-181;31;38;1
49418000;238;-172;24;24;1
49446000;205;-207;-32;-12;1
49474000;155;-162;-39;-28;1
49502000;79;-133;-73;-69;1
49530000;6;-53;-54;-56;1
49559000;-24;2;-22;-42;1
49587000;-68;23;-41;-40;1
49615000;-121;72;-47;-47;1
49643000;-173;103;-55;-51;1
49670000;-206;149;-35;-50;1
49698000;-217;240;58;-6;1
49726000;-201;184;10;17;1
49754000;-164;154;12;19;1
49782000;-138;194;84;44;1
49810000;-115;113;26;38;1
49838000;-78;89;23;27;1
49866000;-46;50;11;18;1
49895000;-20;39;24;20;1
49923000;4;11;17;19;1
49951000;2;1;3;8;1
49980000;7;0;-6;1;1
50008000;6;-2;3;2;1
50036000;6;-5;0;1;1
50064000;3;-1;0;1;1
50091000;1;0;1;1;1
50119000;0;0;0;0;1
50147000;0;0;0;0;1
50175000;0;0;0;-1;1
50203000;1;0;1;0;1
50231000;0;0;0;0;1
50259000;-3;0;-3;0;1
50287000;0;0;0;0;1
50315000;0;0;0;0;1
50344000;-1;0;-1;-1;1
50372000;0;2;1;0;1
50400000;0;3;2;0;1
50428000;3;-11;-9;-3;1
50455000;6;-1;5;1;1
50483000;7;0;7;4;1
50511000;5;0;5;0;1
50539000;7;-2;5;2;1
50567000;6;0;6;5;1
50596000;8;-2;5;3;1
50623000;2;-4;-2;-1;1
50651000;0;-1;0;0;1
50679000;3;0;3;2;1
50707000;4;0;4;2;1
50736000;0;0;0;0;1
50764000;1;0;1;1;1
50793000;3;-7;-4;-3;1
50821000;8;-1;7;3;1
50849000;11;-4;7;5;1
50877000;5;-9;-4;1;1
50906000;-1;-3;-5;-1;1
50935000;0;0;0;-1;1
50963000;1;0;1;0;1
50992000;18;-14;2;7;1
51020000;48;-15;31;19;1
51049000;113;-37;92;62;1
51078000;172;-104;73;74;1
51106000;183;-137;26;56;1
51135000;146;-105;25;23;1
51162000;49;-39;4;2;1
51189000;45;-5;40;28;1
51218000;57;0;57;48;1
51246000;75;0;75;69;1
51274000;97;0;97;91;1
51302000;183;0;183;150;1
51329000;236;0;236;200;0
51356000;287;-31;251;224;0
51384000;314;-11;301;271;0
51411000;272;-4;268;272;0
51440000;201;-1;200;234;0
51467000;168;0;168;174;0
51495000;70;0;70;133;0
51523000;-12;0;-12;49;0
51551000;-12;0;-12;8;0
51580000;-10;0;-9;-3;0
51608000;-2;0;-2;-3;0
51637000;1;0;1;0;0
51665000;-1;0;-1;0;0
51694000;0;0;0;0;0
51723000;0;0;0;0;0
51752000;0;0;0;0;0
51780000;-1;0;-1;0;0
51808000;1;0;1;0;0
51835000;1;0;1;0;0
51863000;-1;0;-1;0;0
51890000;0;0;0;0;0
51918000;0;0;0;0;0
51946000;0;0;0;0;0
51973000;-2;0;-2;-1;0
52001000;1;0;0;0;0
52029000;-1;0;-1;0;0
52057000;0;0;0;0;0
52085000;-1;0;-1;0;0
52113000;-1;0;-1;0;0
52141000;0;0;0;0;0
52169000;-1;0;-1;0;0
52197000;3;0;3;1;0
52225000;0;0;0;0;0
52253000;-1;0;-1;0;0
52280000;0;0;0;0;0
52308000;0;0;0;0;0
52336000;0;0;0;0;0
52364000;1;0;1;0;0
52392000;1;0;0;0;0
52420000;0;0;0;0;0
52447000;0;0;0;0;0
52474000;1;0;1;0;0
52502000;-2;0;0;0;0
52530000;1;0;1;0;0
52558000;-1;0;-1;0;0
52586000;-2;0;-2;-1;0
52614000;2;0;0;0;0
52642000;0;0;0;0;0
52670000;0;0;0;0;0
52698000;-1;0;-1;0;0
52726000;-1;0;-1;0;0
52753000;2;0;0;0;0
52781000;0;0;0;0;0
52809000;0;0;0;0;0
52837000;-1;0;-1;0;0
52865000;-1;0;-1;-1;0
52894000;0;0;0;0;0
52922000;0;0;0;0;0
52950000;0;0;0;0;0
52978000;0;0;0;0;0
53006000;1;0;1;0;0
53034000;-2;0;-2;-1;0
53062000;1;0;1;0;0
53090000;0;0;0;0;0
53118000;-1;0;-1;0;0
53146000;0;0;0;0;0
53175000;-1;0;-1;0;0
53203000;1;0;1;0;0
53231000;0;0;0;0;0
53259000;0;0;0;0;0
53287000;1;0;1;0;0
53315000;0;0;0;0;0
53344000;-2;0;-2;-1;0
53372000;0;0;0;0;0
53400000;1;0;1;0;0
53428000;-1;0;-1;0;0
53456000;0;0;0;0;0
53483000;1;0;1;0;0
53512000;0;0;0;0;0
53540000;-1;0;-1;0;0
53567000;0;0;0;0;0
53595000;-1;0;-1;0;0
53623000;1;0;1;0;0
53651000;-1;0;-1;0;0
53679000;0;0;0;0;0
53708000;0;0;0;0;0
53736000;0;0;0;0;0
53764000;0;0;0;0;0
53793000;-1;0;0;0;0
53821000;0;0;0;0;0
53849000;0;0;0;1;0
53878000;0;0;0;0;0
53905000;1;0;1;1;0
53933000;0;0;0;0;0
53961000;0;0;0;0;0
53989000;0;0;0;0;0
54017000;0;0;0;0;0
54045000;0;0;0;0;0
54072000;-1;0;-1;0;0
54100000;0;0;0;0;0
54128000;0;0;0;0;0
54156000;-1;0;-1;0;0
54184000;0;0;0;0;0
54212000;0;0;0;0;0
54240000;0;0;0;0;0
54268000;0;0;0;0;0
54295000;0;0;0;0;0
54323000;0;0;0;0;0
54351000;1;0;1;0;0
54380000;-1;0;-1;0;0
54409000;0;0;0;0;0
54437000;3;0;-2;0;0
54465000;0;0;0;0;0
54493000;0;0;0;0;0
54521000;1;0;1;0;0
54549000;0;0;0;0;0
54577000;-1;0;-1;0;0
54605000;0;0;0;0;0
54632000;0;0;0;0;0
54660000;-3;0;-3;-1;0
54688000;0;0;-1;-1;0
54716000;-3;0;-3;-2;0
